Workbook

Sheet README
A1: Golf vs Data Centers: US Water Consumption
A3: The question
A4: Two largely discretionary US uses of water, compared on the same basis: golf course irrigation
A5: (long accepted) and data centers (newly scrutinized amid the AI buildout). National, annual.
A6: Agriculture is deliberately excluded as a comparator: food production is non-discretionary, so
A7: it is not the relevant peer for either of these.
A9: The one normalization that matters
A10: CONSUMPTION, not withdrawal. Water evaporated or transpired and not returned to the source.
A11: Applied identically to both sides. Golf is published as APPLIED (withdrawal-type) water; we convert
A12: it to consumption with an evapotranspiration fraction. Data-center water from LBNL is already a
A13: consumption-style figure (evaporative cooling + water consumed generating the electricity).
A15: The 2x2 (four data-center figures, one golf figure)
... A53: Benchmarks: USGS Estimated Use of Water in the United States 2015 (FS 2018-3035).

Sheet Assumptions
A1: Assumptions (every figure editable; blue = input)
A3: Driver (named cell) | B3: Unit | C3: Low | D3: Central | E3: High | F3: Source / note
A4: Unit conversions (constants)
A5: Acre-foot to gallons | B5: gal/AF | C5: 325851 | D5: 325851 | E5: 325851 | F5: Exact. 1 acre-foot = 325,851 US gallons.
A6: Liters to gallons | B6: gal/L | C6: 0.264172 | D6: 0.264172 | E6: 0.264172 | F6: 1 US gallon = 3.785 L.
A8: Golf (one figure, compared against the four DC cells)
A9: Golf applied (irrigation) water, national | B9: M acre-ft | C9: 1.58 | D9: 1.63 | E9: 1.68 | F9: Shaddox et al. 2025 HortTechnology (GCSAA/USGA 4th-round survey, 2024 data): 1.63M acre-ft APPLIED. Band is projection uncertainty (+/-3%). This is withdrawal-type, not consumption.
A10: Golf evapotranspiration consumption fraction | B10: % | C10: 0.7 | D10: 0.8 | E10: 0.9 | F10: MODELING ASSUMPTION, not surveyed. Share of applied turf water consumed via ET (rest is runoff / deep percolation back to source). No survey-grade national value exists.
A12: Data-center electricity by year (TWh)
A13: DC electricity, 2023 (actual) | B13: TWh | C13: 170 | D13: 176 | E13: 182 | F13: LBNL 2024: 176 TWh = 4.4% of US electricity. Band is rounding.
A14: DC electricity, 2026 (interpolated) | B14: TWh | C14: 255 | D14: 309 | E14: 361 | F14: Interpolated on LBNL 2023->2028 CAGR (13/21/27%/yr by scenario).
A15: DC electricity, 2028 (LBNL scenarios) | B15: TWh | C15: 325 | D15: 450 | E15: 580 | F15: LBNL 2024: low/high = 325/580 TWh; central = midpoint. = 6.7-12% of US electricity.
A16: DC electricity, 2030 (extrapolated) | B16: TWh | C16: 416 | D16: 656 | E16: 936 | F16: EXTRAPOLATION beyond LBNL horizon at each scenario's CAGR. Sensitivity point only.
A18: Water intensities
A19: Direct water-use effectiveness, 2023 | B19: L/kWh | C19: 0.32 | D19: 0.375 | E19: 0.43 | F19: LBNL 2024 site WUE ~0.36 L/kWh; 0.375 reproduces the 66 bn L direct total at 176 TWh.
A20: Direct WUE, 2026 | B20: L/kWh | C20: 0.36 | D20: 0.42 | E20: 0.49 | F20: Rising toward LBNL's 0.45-0.48 by 2028 (liquid cooling for AI).
A21: Direct WUE, 2028 | B21: L/kWh | C21: 0.4 | D21: 0.46 | E21: 0.53 | F21: LBNL 2024: projected site WUE 0.45-0.48 L/kWh.
A22: Direct WUE, 2030 | B22: L/kWh | C22: 0.4 | D22: 0.47 | E22: 0.55 | F22: Held near 2028; extrapolation.
A23: Indirect water intensity of electricity | B23: L/kWh | C23: 0.8 | D23: 4.52 | E23: 6 | F23: THE MAIN LEVER. Central 4.52 = LBNL DC-weighted grid average, INCLUDES hydropower reservoir evaporation. Low 0.80 = marginal gas/renewables view (Macknick NGCC ~0.78). High 6.0 = hydro/coal-heavy regions.
A25: AI-marginal share (three methods; pick one with ai_method)
A26: Method 1: incremental (AI share of recent growth) | B26: % | C26: 0.55 | D26: 0.65 | E26: 0.8 | F26: LBNL: accelerated AI servers drove most of the 2017-23 server-energy growth and define the 2028 scenario fan.
A27: Method 2: attributional (AI share of total DC today) | B27: % | C27: 0.15 | D27: 0.23 | E27: 0.3 | F27: LBNL: AI-accelerated servers >40 TWh of 176 TWh (2023) ~= 23%. Cleanest single number.
A28: Method 3: build-specific (AI share of new capacity) | B28: % | C28: 0.6 | D28: 0.8 | E28: 0.95 | F28: Stargate/Hyperion + 2025 leasing surge: near-all marginal GW is AI. Press-announcement basis.
A30: Selectors (change these to drive Outputs)
A31: ai_method (1=incremental, 2=attributional, 3=build-specific) | B31: 1-3 | C31: 2 | D31: 2 | E31: 2 | F31: Picks which AI-share row feeds the AI-marginal cells. Default 2 (attributional).
A32: proj_year (1=2023, 2=2026, 3=2028, 4=2030) | B32: 1-4 | C32: 1 | D32: 1 | E32: 1 | F32: Picks which year's electricity/water feeds Outputs. Default 1 (2023, current).
A34: Benchmarks (US national)
A35: US irrigation consumptive use | B35: Bgal/day | C35: 73.2 | D35: 73.2 | E35: 73.2 | F35: USGS 2015 (FS 2018-3035): 73.2 Bgal/d consumed (of 118 Bgal/d withdrawn).
A36: US irrigation withdrawals | B36: Bgal/day | C36: 118 | D36: 118 | E36: 118 | F36: USGS 2015. Withdrawal basis (for contrast).
A37: US total freshwater withdrawals (all uses) | B37: Bgal/day | C37: 281 | D37: 281 | E37: 281 | F37: USGS 2015: 281 Bgal/d freshwater (322 incl. saline).
A38: US thermoelectric consumptive use | B38: Bgal/day | C38: 4.31 | D38: 4.31 | E38: 4.31 | F38: USGS 2015: 4.31 Bgal/d consumed by power plants (all generation, not just DC).
A40: Economic value (softer inputs, for value-per-gallon)
A41: US golf facility/course revenue (direct) | B41: $B/yr | C41: 35.7 | D41: 35.7 | E41: 35.7 | F41: IBISWorld 2025, Golf Courses & Country Clubs: green fees, memberships, on-course spend. Narrow, the value most directly attributable to the water.
A42: US golf total economic impact (broad) | B42: $B/yr | C42: 101.7 | D42: 101.7 | E42: 101.7 | F42: We Are Golf/NGF 2022 direct impact; bundles equipment, apparel, real estate, tourism. Industry-commissioned upper bound.
A43: US data center market revenue (direct) | B43: $B/yr | C43: 208.4 | D43: 208.4 | E43: 208.4 | F43: Arizton 2024, US data center market (colocation + hyperscale + enterprise). Narrow.
A44: US data center GDP contribution (broad) | B44: $B/yr | C44: 727 | D44: 727 | E44: 727 | F44: PwC for Data Center Coalition, 2023 direct value-added. Industry-commissioned, multiplier-heavy upper bound.
A45: US generative-AI revenue (AI-specific) | B45: $B/yr | C45: 12.8 | D45: 12.8 | E45: 12.8 | F45: S&P Global 2024, US generative AI. Small, fast-growing, contested attribution.

Sheet Calculations
A1: Calculations (all water in billion gallons/year unless noted)
A3: Quantity | B3: Unit | C3: Low | D3: Central | E3: High | F3: Formula note
A5: Golf
A6: Golf applied water | B6: Bgal/yr | C6: =Assumptions!C9*1000000*Assumptions!D5/1000000000 | D6: =Assumptions!D9*1000000*Assumptions!D5/1000000000 | E6: =Assumptions!E9*1000000*Assumptions!D5/1000000000 | F6: Applied (withdrawal-type). M acre-ft x 325,851 gal.
A7: Golf CONSUMED water | B7: Bgal/yr | C7: =C6*Assumptions!C10 | D7: =D6*Assumptions!D10 | E7: =E6*Assumptions!E10 | F7: Applied x ET consumption fraction. This is the golf number used everywhere.
A9: Data-center water by year (Bgal/yr)
A10: 2023 electricity | B10: TWh | C10: =Assumptions!C13 | D10: =Assumptions!D13 | E10: =Assumptions!E13 | F10: From Assumptions.
A11: 2023 DIRECT water (on-site cooling) | B11: Bgal/yr | C11: =Assumptions!C13*Assumptions!C19*Assumptions!D6 | D11: =Assumptions!D13*Assumptions!D19*Assumptions!D6 | E11: =Assumptions!E13*Assumptions!E19*Assumptions!D6 | F11: TWh x 1e9 kWh x WUE(L/kWh) x gal/L / 1e9.
A12: 2023 INDIRECT water (electricity generation) | B12: Bgal/yr | C12: =Assumptions!C13*Assumptions!C23*Assumptions!D6 | D12: =Assumptions!D13*Assumptions!D23*Assumptions!D6 | E12: =Assumptions!E13*Assumptions!E23*Assumptions!D6 | F12: TWh x 1e9 kWh x intensity(L/kWh) x gal/L / 1e9.
A13: 2023 TOTAL (direct + indirect) | B13: Bgal/yr | C13: =C11+C12 | D13: =D11+D12 | E13: =E11+E12
A14: 2026 electricity | B14: TWh | C14: =Assumptions!C14 | D14: =Assumptions!D14 | E14: =Assumptions!E14 | F14: From Assumptions.
A15: 2026 DIRECT water (on-site cooling) | B15: Bgal/yr | C15: =Assumptions!C14*Assumptions!C20*Assumptions!D6 | D15: =Assumptions!D14*Assumptions!D20*Assumptions!D6 | E15: =Assumptions!E14*Assumptions!E20*Assumptions!D6 | F15: TWh x 1e9 kWh x WUE(L/kWh) x gal/L / 1e9.
A16: 2026 INDIRECT water (electricity generation) | B16: Bgal/yr | C16: =Assumptions!C14*Assumptions!C23*Assumptions!D6 | D16: =Assumptions!D14*Assumptions!D23*Assumptions!D6 | E16: =Assumptions!E14*Assumptions!E23*Assumptions!D6 | F16: TWh x 1e9 kWh x intensity(L/kWh) x gal/L / 1e9.
A17: 2026 TOTAL (direct + indirect) | B17: Bgal/yr | C17: =C15+C16 | D17: =D15+D16 | E17: =E15+E16
A18: 2028 electricity | B18: TWh | C18: =Assumptions!C15 | D18: =Assumptions!D15 | E18: =Assumptions!E15 | F18: From Assumptions.
A19: 2028 DIRECT water (on-site cooling) | B19: Bgal/yr | C19: =Assumptions!C15*Assumptions!C21*Assumptions!D6 | D19: =Assumptions!D15*Assumptions!D21*Assumptions!D6 | E19: =Assumptions!E15*Assumptions!E21*Assumptions!D6 | F19: TWh x 1e9 kWh x WUE(L/kWh) x gal/L / 1e9.
A20: 2028 INDIRECT water (electricity generation) | B20: Bgal/yr | C20: =Assumptions!C15*Assumptions!C23*Assumptions!D6 | D20: =Assumptions!D15*Assumptions!D23*Assumptions!D6 | E20: =Assumptions!E15*Assumptions!E23*Assumptions!D6 | F20: TWh x 1e9 kWh x intensity(L/kWh) x gal/L / 1e9.
A21: 2028 TOTAL (direct + indirect) | B21: Bgal/yr | C21: =C19+C20 | D21: =D19+D20 | E21: =E19+E20
A22: 2030 electricity | B22: TWh | C22: =Assumptions!C16 | D22: =Assumptions!D16 | E22: =Assumptions!E16 | F22: From Assumptions.
A23: 2030 DIRECT water (on-site cooling) | B23: Bgal/yr | C23: =Assumptions!C16*Assumptions!C22*Assumptions!D6 | D23: =Assumptions!D16*Assumptions!D22*Assumptions!D6 | E23: =Assumptions!E16*Assumptions!E22*Assumptions!D6 | F23: TWh x 1e9 kWh x WUE(L/kWh) x gal/L / 1e9.
A24: 2030 INDIRECT water (electricity generation) | B24: Bgal/yr | C24: =Assumptions!C16*Assumptions!C23*Assumptions!D6 | D24: =Assumptions!D16*Assumptions!D23*Assumptions!D6 | E24: =Assumptions!E16*Assumptions!E23*Assumptions!D6 | F24: TWh x 1e9 kWh x intensity(L/kWh) x gal/L / 1e9.
A25: 2030 TOTAL (direct + indirect) | B25: Bgal/yr | C25: =C23+C24 | D25: =D23+D24 | E25: =E23+E24
A27: AI-marginal share
A28: Method 1: incremental | B28: % | C28: =Assumptions!C26 | D28: =Assumptions!D26 | E28: =Assumptions!E26
A29: Method 2: attributional | B29: % | C29: =Assumptions!C27 | D29: =Assumptions!D27 | E29: =Assumptions!E27
A30: Method 3: build-specific | B30: % | C30: =Assumptions!C28 | D30: =Assumptions!D28 | E30: =Assumptions!E28
A31: Selected share (via ai_method) | B31: % | C31: =CHOOSE(Assumptions!D31,C28,C29,C30) | D31: =CHOOSE(Assumptions!D31,D28,D29,D30) | E31: =CHOOSE(Assumptions!D31,E28,E29,E30) | F31: CHOOSE on ai_method selector.
A33: Selected year (via proj_year selector)
A34: Selected year | B34: yr | C34: =CHOOSE(Assumptions!D32,2023,2026,2028,2030) | D34: =CHOOSE(Assumptions!D32,2023,2026,2028,2030) | E34: =CHOOSE(Assumptions!D32,2023,2026,2028,2030)
A35: Selected DIRECT water | B35: Bgal/yr | C35: =CHOOSE(Assumptions!D32,C11,C15,C19,C23) | D35: =CHOOSE(Assumptions!D32,D11,D15,D19,D23) | E35: =CHOOSE(Assumptions!D32,E11,E15,E19,E23)
A36: Selected INDIRECT water | B36: Bgal/yr | C36: =CHOOSE(Assumptions!D32,C12,C16,C20,C24) | D36: =CHOOSE(Assumptions!D32,D12,D16,D20,D24) | E36: =CHOOSE(Assumptions!D32,E12,E16,E20,E24)
A37: Selected TOTAL water | B37: Bgal/yr | C37: =C35+C36 | D37: =D35+D36 | E37: =E35+E36

Sheet Outputs
A1: The 2x2: four data-center water figures vs one golf figure
A3: Year: | B3: =Calculations!D34 | C3: AI share (selected): | E3: =Calculations!D31 | F3: Golf consumed (Bgal/yr): | G3: =Calculations!D7
A4: All figures billion gallons/year, consumption basis. Change proj_year / ai_method / golf_consumption_fraction / indirect_water_intensity on Assumptions to move everything below.
A6: Data-center cell | B6: Basis | C6: Water Low | D6: Water Central | E6: Water High
A7: Cell A: Direct only x Total footprint | B7: on-site cooling, all DCs | C7: =Calculations!C35 | D7: =Calculations!D35 | E7: =Calculations!E35
A8: Cell B: Direct only x AI-marginal | B8: on-site cooling, AI slice | C8: =Calculations!C35*Calculations!C31 | D8: =Calculations!D35*Calculations!D31 | E8: =Calculations!E35*Calculations!E31
A9: Cell C: Direct+indirect x Total footprint | B9: + electricity water, all DCs | C9: =Calculations!C37 | D9: =Calculations!D37 | E9: =Calculations!E37
A10: Cell D: Direct+indirect x AI-marginal | B10: + electricity water, AI slice | C10: =Calculations!C37*Calculations!C31 | D10: =Calculations!D37*Calculations!D31 | E10: =Calculations!E37*Calculations!E31
A11: Golf (consumed) | B11: reference | C11: =Calculations!C7 | D11: =Calculations!D7 | E11: =Calculations!E7
A13: Golf-to-data-center ratio per cell (golf consumption / DC cell)
A14: Cell | B14: Ratio min | C14: Ratio central | D14: Ratio max | E14: Reading
A15: Cell A | B15: =C11/E7 | C15: =D11/D7 | D15: =E11/C7 | E15: =IF(C15<1,"FLIPS: DC can exceed golf",IF(D15<1,"DC exceeds golf (central)","golf uses more"))
A16: Cell B | B16: =C11/E8 | C16: =D11/D8 | D16: =E11/C8 | E16: =IF(C16<1,"FLIPS: DC can exceed golf",IF(D16<1,"DC exceeds golf (central)","golf uses more"))
A17: Cell C | B17: =C11/E9 | C17: =D11/D9 | D17: =E11/C9 | E17: =IF(C17<1,"FLIPS: DC can exceed golf",IF(D17<1,"DC exceeds golf (central)","golf uses more"))
A18: Cell D | B18: =C11/E10 | C18: =D11/D10 | D18: =E11/C10 | E18: =IF(C18<1,"FLIPS: DC can exceed golf",IF(D18<1,"DC exceeds golf (central)","golf uses more"))
A20: Ratio min pairs the lowest plausible golf with the highest plausible DC (the corner most favorable to data centers). Ratio > 1 means golf consumes more. The 'flip' question is whether any cell's min (or central) drops below 1.

Sheet Benchmarks
A1: Both uses against US agriculture and total freshwater
A3: Benchmark (US, annual) | B3: Bgal/year
A4: US irrigation CONSUMPTION | B4: =Assumptions!D35*365 | C4: USGS 2015: 73.2 Bgal/d. The consumption-basis ag benchmark.
A5: US irrigation WITHDRAWALS | B5: =Assumptions!D36*365 | C5: USGS 2015: 118 Bgal/d. Withdrawal basis (for contrast).
A6: US total freshwater WITHDRAWALS | B6: =Assumptions!D37*365 | C6: USGS 2015: 281 Bgal/d, all sectors.
A8: Golf and data centers as a share of each benchmark
A9: Use (Bgal/yr, central) | B9: Value | C9: % of US irrigation consumption | D9: % of US total freshwater withdrawals
A10: Golf (consumed) | B10: =Calculations!D7 | C10: =B10/B4 | D10: =B10/B6
A11: Data centers, total footprint (selected year) | B11: =Calculations!D37 | C11: =B11/B4 | D11: =B11/B6
A12: Data centers, direct only (selected year) | B12: =Calculations!D35 | C12: =B12/B4 | D12: =B12/B6
A13: Data centers, AI-marginal total (selected) | B13: =Calculations!D37*Calculations!D31 | C13: =B13/B4 | D13: =B13/B6
A15: Both discretionary uses are small against agriculture. Golf consumption is ~1.6% of US irrigation consumption; total data-center water (2023) is under 1%. Agriculture is the elephant; it is excluded as a comparator on purpose, because food is non-discretionary.

Sheet Value
A1: Economic value vs water: value per gallon, and the AI breakeven
A3: Water is one side of the ledger; this is the other, what the water buys. Direct-revenue figures (narrow) are the cleaner numerator. The broad 'economic impact' totals are industry-commissioned and multiplier-heavy, so treat them as upper bounds. Recreation value and AI's promised productivity are both real and undercounted here. Value per gallon also structurally favors whatever is not water-hungry, which is most things next to turf.
A5: Use | B5: Direct revenue ($B/yr) | C5: Broad impact ($B/yr) | D5: Water (Bgal/yr) | E5: Value/gal (narrow) | F5: Value/gal (broad)
A6: Golf | B6: =Assumptions!D41 | C6: =Assumptions!D42 | D6: =Calculations!D7 | E6: =B6/D6 | F6: =C6/D6
A7: Data centers (total footprint, 2023) | B7: =Assumptions!D43 | C7: =Assumptions!D44 | D7: =Calculations!D13 | E7: =B7/D7 | F7: =C7/D7
A8: AI-marginal (attributional ~23%) | B8: =Assumptions!D45 | C8: n/a | D8: =Calculations!D13*Assumptions!D27 | E8: =B8/D8 | F8: n/a
A10: Value per gallon: data centers vs golf
A11: Data centers vs golf, value per gallon (narrow basis) | B11: =E7/E6
A12: Data centers vs golf, value per gallon (broad basis) | B12: =F7/F6
A13: Golf's water lead (gallons), for contrast | B13: =D6/D7
A14: Golf consumes nearly twice the water and produces about a tenth the revenue per gallon. The gallons fight and the value-per-gallon fight point opposite ways.
A16: Breakeven: value needed to match golf's value per gallon (narrow)
A17: Value data centers must produce to match golf $/gal | B17: =E6*D7
A18: Data centers actual (direct revenue) | B18: =B7
A19: Data centers clear the bar by | B19: =B18/B17
A20: Value AI-marginal must produce to match golf $/gal | B20: =E6*D8
A21: AI-marginal actual (US gen-AI revenue) | B21: =B8
A22: AI clears the bar by | B22: =B21/B20
A23: The line to clear is low and already passed. Even AI alone, on its small contested slice, earns several times what golf's water productivity would require.

Sheet Sensitivity
A1: What moves the headline ratio, and what can flip it
A3: Headline cell = Cell C (direct+indirect x total footprint), the framing where the popular claim is most fragile. Ratio = golf consumption / DC total. >1 means golf leads. Each block below moves ONE assumption and holds the rest at central.
A5: 1. Golf ET consumption fraction (vs DC total, 2023 central)
A6: Fraction | B6: Golf consumed (Bgal) | C6: DC total 2023 (Bgal) | D6: Ratio | E6: Flips?
A7: 0.7 | B7: =Calculations!D6*0.7 | C7: =Calculations!D13 | D7: =B7/C7 | E7: =IF(D7<1,"YES","no")
A8: 0.8 | B8: =Calculations!D6*0.8 | C8: =Calculations!D13 | D8: =B8/C8 | E8: =IF(D8<1,"YES","no")
A9: 0.9 | B9: =Calculations!D6*0.9 | C9: =Calculations!D13 | D9: =B9/C9 | E9: =IF(D9<1,"YES","no")
A10: Golf fraction never flips the comparison: across 70-90% golf stays ~360-490 Bgal. Not a lever.
A12: 2. Indirect water on/off (the basis-mismatch correction), 2023 central
A13: DC basis | B13: DC water (Bgal) | C13: Golf (Bgal) | D13: Ratio | E13: Flips?
A14: Direct only | B14: =Calculations!D11 | C14: =Calculations!D7 | D14: =C14/B14 | E14: =IF(D14<1,"YES","no")
A15: Direct + indirect | B15: =Calculations!D13 | C15: =Calculations!D7 | D15: =C15/B15 | E15: =IF(D15<1,"YES","no")
A16: Counting electricity water collapses golf's lead from ~24x (direct only) to ~2x. This is the single biggest correction to the popular comparison.
A18: 3. Indirect water intensity: marginal vs grid-average (2023, total footprint)
A19: Intensity (L/kWh) | B19: DC total (Bgal) | C19: Golf (Bgal) | D19: Ratio | E19: Flips?
A20: 0.80 (marginal gas/renew.) | B20: =Calculations!D11+Assumptions!D13*0.8*Assumptions!D6 | C20: =Calculations!D7 | D20: =C20/B20 | E20: =IF(D20<1,"YES","no")
A21: 2.50 (thermoelectric avg) | B21: =Calculations!D11+Assumptions!D13*2.5*Assumptions!D6 | C21: =Calculations!D7 | D21: =C21/B21 | E21: =IF(D21<1,"YES","no")
A22: 4.52 (LBNL grid avg, incl. hydro) | B22: =Calculations!D11+Assumptions!D13*4.52*Assumptions!D6 | C22: =Calculations!D7 | D22: =C22/B22 | E22: =IF(D22<1,"YES","no")
A23: 6.00 (hydro/coal-heavy) | B23: =Calculations!D11+Assumptions!D13*6.0*Assumptions!D6 | C23: =Calculations!D7 | D23: =C23/B23 | E23: =IF(D23<1,"YES","no")
A24: Even at the highest grid-average intensity, golf still leads at 2023 scale. Intensity alone does not flip the present-day comparison; it sets how fast growth closes the gap.
A26: 4. AI-attribution method (AI-marginal total water, 2023 central)
A27: Method | B27: AI share | C27: AI-marginal DC (Bgal) | D27: Golf (Bgal) | E27: Ratio | F27: Flips?
A28: Incremental | B28: =Calculations!D28 | C28: =Calculations!D13*Calculations!D28 | D28: =Calculations!D7 | E28: =D28/C28 | F28: =IF(E28<1,"YES","no")
A29: Attributional | B29: =Calculations!D29 | C29: =Calculations!D13*Calculations!D29 | D29: =Calculations!D7 | E29: =D29/C29 | F29: =IF(E29<1,"YES","no")
A30: Build-specific | B30: =Calculations!D30 | C30: =Calculations!D13*Calculations!D30 | D30: =Calculations!D7 | E30: =D30/C30 | F30: =IF(E30<1,"YES","no")
A31: At 2023 scale, AI-specific water is a small fraction of golf under every method.
A33: 5. Projection year (total footprint, central) -- the variable that flips it
A34: Year | B34: DC total (Bgal) | C34: Golf (Bgal) | D34: Ratio | E34: Flips?
A35: 2023 | B35: =Calculations!D13 | C35: =Calculations!D7 | D35: =C35/B35 | E35: =IF(D35<1,"YES","no")
A36: 2026 | B36: =Calculations!D17 | C36: =Calculations!D7 | D36: =C36/B36 | E36: =IF(D36<1,"YES","no")
A37: 2028 | B37: =Calculations!D21 | C37: =Calculations!D7 | D37: =C37/B37 | E37: =IF(D37<1,"YES","no")
A38: 2030 | B38: =Calculations!D25 | C38: =Calculations!D7 | D38: =C38/B38 | E38: =IF(D38<1,"YES","no")
A39: Golf is flat-to-declining; data-center water is compounding ~20%/yr. Under the central grid-average intensity, total DC water consumption overtakes golf between 2026 and 2028. This is the assumption that flips the comparison: not how golf or AI is measured, but TIME.
